scan,dataset,family,fiber,magnets,config,trial,axis,n_frames,M2x,M2x_err,M2y,M2y_err,M2_mean,d0x_um,d0y_um,z0x_mm,z0y_mm,zRx_mm,zRy_mm,thetax_mrad,thetay_mrad,R2x,R2y,iso_sampling_ok,n_rejected_x,n_rejected_y,n_saturated,n_clipped,note
105_Step index/H,105_Step index,step-index,105,,,1,H,14,43.089,0.717,43.299,0.669,43.194,1014.571,1041.897,49.612,50.824,35.267,37.012,28.768,28.15,0.9975,0.9968,False,0,0,0,6,"ISO 11146 sampling not met (need >=10 points, >=5 within 1 z_R and >=5 beyond 2 z_R; have 14/7/2)"
105_Step index/V,105_Step index,step-index,105,,,1,V,12,40.65,0.664,40.309,0.526,40.479,981.807,1001.903,54.834,54.644,35.009,36.764,28.045,27.252,0.9894,0.9924,False,0,0,0,4,"ISO 11146 sampling not met (need >=10 points, >=5 within 1 z_R and >=5 beyond 2 z_R; have 12/8/0); ISO 11146 sampling not met (need >=10 points, >=5 within 1 z_R and >=5 beyond 2 z_R; have 12/7/0)"
105_Step index_0 Magnets Trial 1/H,105_Step index_0 Magnets Trial 1,step-index,105,0,Baseline,1,H,11,41.642,0.112,41.951,0.421,41.797,1116.71,1118.205,35.611,35.312,44.21,44.003,25.259,25.412,0.9999,0.999,False,0,0,0,1,"ISO 11146 sampling not met (need >=10 points, >=5 within 1 z_R and >=5 beyond 2 z_R; have 11/7/0)"
105_Step index_0 Magnets Trial 1/V,105_Step index_0 Magnets Trial 1,step-index,105,0,Baseline,1,V,11,44.59,0.483,42.878,0.315,43.734,1139.725,1121.03,38.735,35.127,43.007,43.269,26.501,25.908,0.9981,0.9995,False,0,0,0,3,"ISO 11146 sampling not met (need >=10 points, >=5 within 1 z_R and >=5 beyond 2 z_R; have 11/7/0); ISO 11146 sampling not met (need >=10 points, >=5 within 1 z_R and >=5 beyond 2 z_R; have 11/8/0)"
105_Step index_0 Magnets Trial 2/H,105_Step index_0 Magnets Trial 2,step-index,105,0,Baseline,2,H,11,42.394,0.299,41.69,0.285,42.042,1123.904,1117.942,34.225,33.353,43.988,44.257,25.55,25.26,0.9995,0.9996,False,0,0,0,1,"ISO 11146 sampling not met (need >=10 points, >=5 within 1 z_R and >=5 beyond 2 z_R; have 11/7/0)"
105_Step index_0 Magnets Trial 2/V,105_Step index_0 Magnets Trial 2,step-index,105,0,Baseline,2,V,11,44.119,0.395,42.836,0.321,43.477,1141.408,1111.196,36.205,34.965,43.594,42.555,26.182,26.112,0.999,0.9994,False,0,0,0,3,"ISO 11146 sampling not met (need >=10 points, >=5 within 1 z_R and >=5 beyond 2 z_R; have 11/7/0)"
105_Step index_0 Magnets Trial 3/H,105_Step index_0 Magnets Trial 3,step-index,105,0,Baseline,3,H,11,41.031,0.161,41.051,0.15,41.041,1109.615,1103.744,34.706,35.008,44.301,43.811,25.047,25.193,0.9998,0.9999,False,0,0,0,1,"ISO 11146 sampling not met (need >=10 points, >=5 within 1 z_R and >=5 beyond 2 z_R; have 11/7/0)"
105_Step index_0 Magnets Trial 3/V,105_Step index_0 Magnets Trial 3,step-index,105,0,Baseline,3,V,11,41.884,0.274,41.933,0.117,41.909,1130.289,1114.674,36.33,35.162,45.031,43.744,25.1,25.482,0.9995,0.9999,False,0,0,0,4,"ISO 11146 sampling not met (need >=10 points, >=5 within 1 z_R and >=5 beyond 2 z_R; have 11/7/0); ISO 11146 sampling not met (need >=10 points, >=5 within 1 z_R and >=5 beyond 2 z_R; have 11/8/0)"
105_Step index_25 Magnets Alternating Trial 1/H,105_Step index_25 Magnets Alternating Trial 1,step-index,105,25,Alternating,1,H,11,38.709,0.731,39.52,0.674,39.115,1105.899,1140.29,30.964,30.817,46.644,48.572,23.709,23.476,0.9975,0.9979,False,0,0,0,1,"ISO 11146 sampling not met (need >=10 points, >=5 within 1 z_R and >=5 beyond 2 z_R; have 11/7/0)"
105_Step index_25 Magnets Alternating Trial 1/V,105_Step index_25 Magnets Alternating Trial 1,step-index,105,25,Alternating,1,V,11,44.084,1.819,40.262,0.57,42.173,1163.887,1144.505,38.204,30.593,45.365,48.031,25.656,23.829,0.9769,0.9986,False,0,0,0,0,"ISO 11146 sampling not met (need >=10 points, >=5 within 1 z_R and >=5 beyond 2 z_R; have 11/7/0); ISO 11146 sampling not met (need >=10 points, >=5 within 1 z_R and >=5 beyond 2 z_R; have 11/8/0)"
105_Step index_25 Magnets Alternating Trial 2/H,105_Step index_25 Magnets Alternating Trial 2,step-index,105,25,Alternating,2,H,11,39.771,0.332,40.29,0.18,40.031,1085.243,1118.461,34.243,34.142,43.719,45.837,24.823,24.401,0.9994,0.9998,False,0,0,0,1,"ISO 11146 sampling not met (need >=10 points, >=5 within 1 z_R and >=5 beyond 2 z_R; have 11/7/0)"
105_Step index_25 Magnets Alternating Trial 2/V,105_Step index_25 Magnets Alternating Trial 2,step-index,105,25,Alternating,2,V,11,40.233,0.426,40.869,0.365,40.551,1109.546,1132.782,33.993,33.318,45.174,46.353,24.561,24.438,0.999,0.9992,False,0,0,0,2,"ISO 11146 sampling not met (need >=10 points, >=5 within 1 z_R and >=5 beyond 2 z_R; have 11/7/0)"
105_Step index_25 Magnets Norrmal Trial 1/H,105_Step index_25 Magnets Norrmal Trial 1,step-index,105,25,Normal,1,H,11,41.514,0.977,41.45,0.746,41.482,1160.842,1152.901,30.977,31.152,47.921,47.341,24.224,24.353,0.9962,0.9974,False,0,0,0,1,"ISO 11146 sampling not met (need >=10 points, >=5 within 1 z_R and >=5 beyond 2 z_R; have 11/7/0)"
105_Step index_25 Magnets Norrmal Trial 1/V,105_Step index_25 Magnets Norrmal Trial 1,step-index,105,25,Normal,1,V,11,41.198,0.664,42.513,0.668,41.856,1152.989,1168.103,32.43,32.126,47.637,47.382,24.203,24.653,0.9977,0.9983,False,0,0,0,2,"ISO 11146 sampling not met (need >=10 points, >=5 within 1 z_R and >=5 beyond 2 z_R; have 11/7/0); ISO 11146 sampling not met (need >=10 points, >=5 within 1 z_R and >=5 beyond 2 z_R; have 11/8/0)"
105_Step index_25 Magnets Norrmal Trial 2/H,105_Step index_25 Magnets Norrmal Trial 2,step-index,105,25,Normal,2,H,11,40.654,0.536,40.756,0.527,40.705,1134.276,1135.616,32.884,33.274,46.721,46.714,24.278,24.31,0.9986,0.9986,False,0,0,0,0,"ISO 11146 sampling not met (need >=10 points, >=5 within 1 z_R and >=5 beyond 2 z_R; have 11/7/0)"
105_Step index_25 Magnets Norrmal Trial 2/V,105_Step index_25 Magnets Norrmal Trial 2,step-index,105,25,Normal,2,V,11,41.566,0.438,43.083,0.351,42.325,1125.131,1141.733,35.246,35.616,44.962,44.668,25.024,25.56,0.9988,0.9992,False,0,0,0,4,"ISO 11146 sampling not met (need >=10 points, >=5 within 1 z_R and >=5 beyond 2 z_R; have 11/8/0)"
105_Step index_25 Magnets Norrmal Trial 3/H,105_Step index_25 Magnets Norrmal Trial 3,step-index,105,25,Normal,3,H,11,39.786,0.752,41.981,0.654,40.884,1130.502,1158.908,29.303,31.737,47.423,47.23,23.838,24.537,0.9977,0.9981,False,0,0,0,1,"ISO 11146 sampling not met (need >=10 points, >=5 within 1 z_R and >=5 beyond 2 z_R; have 11/7/0)"
105_Step index_25 Magnets Norrmal Trial 3/V,105_Step index_25 Magnets Norrmal Trial 3,step-index,105,25,Normal,3,V,11,39.769,0.765,41.266,0.636,40.517,1135.952,1144.048,29.984,31.795,47.902,46.825,23.714,24.432,0.9975,0.9979,False,0,0,0,2,"ISO 11146 sampling not met (need >=10 points, >=5 within 1 z_R and >=5 beyond 2 z_R; have 11/7/0)"
105_Step index_25 Magnets_Alternating/H,105_Step index_25 Magnets_Alternating,step-index,105,25,Alternating,1,H,12,41.567,0.279,41.314,0.353,41.441,963.97,979.499,51.46,52.982,33.003,34.284,29.209,28.57,0.9988,0.9979,False,0,0,0,5,"ISO 11146 sampling not met (need >=10 points, >=5 within 1 z_R and >=5 beyond 2 z_R; have 12/7/1); ISO 11146 sampling not met (need >=10 points, >=5 within 1 z_R and >=5 beyond 2 z_R; have 12/7/0)"
105_Step index_25 Magnets_Alternating/V,105_Step index_25 Magnets_Alternating,step-index,105,25,Alternating,1,V,12,41.088,0.146,42.119,0.282,41.603,993.144,1014.987,51.03,51.644,35.439,36.11,28.024,28.108,0.9998,0.9986,False,3,0,0,1,"ISO 11146 sampling not met (need >=10 points, >=5 within 1 z_R and >=5 beyond 2 z_R; have 9/6/0); ISO 11146 sampling not met (need >=10 points, >=5 within 1 z_R and >=5 beyond 2 z_R; have 12/7/0)"
105_Step index_25 Magnets_Normal/H,105_Step index_25 Magnets_Normal,step-index,105,25,Normal,1,H,12,42.099,0.343,42.527,0.265,42.313,955.436,987.758,50.352,51.989,32.012,33.87,29.846,29.163,0.9989,0.9988,False,1,0,0,1,"ISO 11146 sampling not met (need >=10 points, >=5 within 1 z_R and >=5 beyond 2 z_R; have 12/7/1); ISO 11146 sampling not met (need >=10 points, >=5 within 1 z_R and >=5 beyond 2 z_R; have 11/6/1)"
105_Step index_25 Magnets_Normal/V,105_Step index_25 Magnets_Normal,step-index,105,25,Normal,1,V,12,43.733,0.374,41.978,0.316,42.856,1013.657,971.963,52.323,52.508,34.686,33.224,29.224,29.255,0.9976,0.9983,False,0,0,0,5,"ISO 11146 sampling not met (need >=10 points, >=5 within 1 z_R and >=5 beyond 2 z_R; have 12/7/1); ISO 11146 sampling not met (need >=10 points, >=5 within 1 z_R and >=5 beyond 2 z_R; have 12/7/0)"
105_Step index_50 Magnets Alternating Trial 1/H,105_Step index_50 Magnets Alternating Trial 1,step-index,105,50,Alternating,1,H,11,40.531,0.74,39.83,0.376,40.18,1097.005,1117.393,34.108,32.355,43.834,46.279,25.026,24.145,0.997,0.9992,False,0,0,0,1,"ISO 11146 sampling not met (need >=10 points, >=5 within 1 z_R and >=5 beyond 2 z_R; have 11/7/0)"
105_Step index_50 Magnets Alternating Trial 1/V,105_Step index_50 Magnets Alternating Trial 1,step-index,105,50,Alternating,1,V,11,39.863,0.722,39.795,0.539,39.829,1131.61,1134.784,32.32,31.905,47.425,47.772,23.861,23.754,0.9975,0.9985,False,0,0,0,0,"ISO 11146 sampling not met (need >=10 points, >=5 within 1 z_R and >=5 beyond 2 z_R; have 11/7/0)"
105_Step index_50 Magnets Alternating Trial 2/H,105_Step index_50 Magnets Alternating Trial 2,step-index,105,50,Alternating,2,H,11,39.485,0.748,39.544,0.324,39.514,1100.303,1104.077,33.525,34.293,45.266,45.509,24.307,24.261,0.9969,0.9993,False,0,0,0,1,"ISO 11146 sampling not met (need >=10 points, >=5 within 1 z_R and >=5 beyond 2 z_R; have 11/7/0)"
105_Step index_50 Magnets Alternating Trial 2/V,105_Step index_50 Magnets Alternating Trial 2,step-index,105,50,Alternating,2,V,11,40.086,0.323,40.314,0.289,40.2,1111.412,1115.183,34.201,34.07,45.492,45.542,24.431,24.487,0.9993,0.9995,False,0,0,0,3,"ISO 11146 sampling not met (need >=10 points, >=5 within 1 z_R and >=5 beyond 2 z_R; have 11/7/0)"
105_Step index_50 Magnets Norrmal Trial 1/H,105_Step index_50 Magnets Norrmal Trial 1,step-index,105,50,Normal,1,H,11,40.539,0.495,42.351,0.204,41.445,1103.793,1124.959,32.486,34.853,44.37,44.115,24.877,25.501,0.9989,0.9997,False,0,1,0,1,"ISO 11146 sampling not met (need >=10 points, >=5 within 1 z_R and >=5 beyond 2 z_R; have 11/7/0); ISO 11146 sampling not met (need >=10 points, >=5 within 1 z_R and >=5 beyond 2 z_R; have 10/7/0)"
105_Step index_50 Magnets Norrmal Trial 1/V,105_Step index_50 Magnets Norrmal Trial 1,step-index,105,50,Normal,1,V,11,40.748,0.216,41.921,0.315,41.334,1102.089,1116.475,32.563,33.878,44.005,43.898,25.045,25.433,0.9999,0.9995,False,1,0,0,1,"ISO 11146 sampling not met (need >=10 points, >=5 within 1 z_R and >=5 beyond 2 z_R; have 11/7/0); ISO 11146 sampling not met (need >=10 points, >=5 within 1 z_R and >=5 beyond 2 z_R; have 10/6/0)"
105_Step index_50 Magnets Norrmal Trial 2/H,105_Step index_50 Magnets Norrmal Trial 2,step-index,105,50,Normal,2,H,11,41.126,0.459,42.104,0.522,41.615,1114.099,1143.778,31.563,31.467,44.556,45.871,25.005,24.935,0.9991,0.9988,False,0,0,0,1,"ISO 11146 sampling not met (need >=10 points, >=5 within 1 z_R and >=5 beyond 2 z_R; have 11/7/0)"
105_Step index_50 Magnets Norrmal Trial 2/V,105_Step index_50 Magnets Norrmal Trial 2,step-index,105,50,Normal,2,V,11,41.931,0.714,41.387,0.717,41.659,1150.343,1155.154,31.848,30.879,46.59,47.598,24.691,24.269,0.9975,0.9981,False,0,0,0,0,"ISO 11146 sampling not met (need >=10 points, >=5 within 1 z_R and >=5 beyond 2 z_R; have 11/7/0)"
105_Step index_50 Magnets Norrmal Trial 3/H,105_Step index_50 Magnets Norrmal Trial 3,step-index,105,50,Normal,3,H,11,40.054,0.17,41.661,0.11,40.857,1087.458,1123.137,35.326,35.668,43.587,44.701,24.949,25.126,0.9998,0.9999,False,0,1,0,1,"ISO 11146 sampling not met (need >=10 points, >=5 within 1 z_R and >=5 beyond 2 z_R; have 11/7/0); ISO 11146 sampling not met (need >=10 points, >=5 within 1 z_R and >=5 beyond 2 z_R; have 10/7/0)"
105_Step index_50 Magnets Norrmal Trial 3/V,105_Step index_50 Magnets Norrmal Trial 3,step-index,105,50,Normal,3,V,11,40.685,0.212,41.921,0.247,41.303,1111.79,1130.46,35.251,34.996,44.853,45.005,24.788,25.119,0.9997,0.9997,False,0,0,0,1,"ISO 11146 sampling not met (need >=10 points, >=5 within 1 z_R and >=5 beyond 2 z_R; have 11/8/0)"
105_Step index_50 Magnets_Alternating/H,105_Step index_50 Magnets_Alternating,step-index,105,50,Alternating,1,H,11,42.523,0.543,43.307,0.586,42.915,991.013,1010.04,50.172,51.605,34.097,34.777,29.065,29.043,0.9926,0.9905,False,0,0,0,1,"ISO 11146 sampling not met (need >=10 points, >=5 within 1 z_R and >=5 beyond 2 z_R; have 11/7/0)"
105_Step index_50 Magnets_Alternating/V,105_Step index_50 Magnets_Alternating,step-index,105,50,Alternating,1,V,11,42.283,0.411,43.189,0.206,42.736,1005.012,1000.21,52.259,51.331,35.266,34.197,28.498,29.248,0.9946,0.9989,False,0,0,0,7,"ISO 11146 sampling not met (need >=10 points, >=5 within 1 z_R and >=5 beyond 2 z_R; have 11/7/0)"
50_Step index_0 Magnets Trial 2/H,50_Step index_0 Magnets Trial 2,step-index,50,0,Baseline,2,H,12,15.649,0.191,16.361,0.132,16.005,595.396,624.672,34.567,36.714,33.444,35.211,17.803,17.741,0.9993,0.9996,False,0,0,0,0,"ISO 11146 sampling not met (need >=10 points, >=5 within 1 z_R and >=5 beyond 2 z_R; have 12/7/2); ISO 11146 sampling not met (need >=10 points, >=5 within 1 z_R and >=5 beyond 2 z_R; have 12/6/2)"
50_Step index_0 Magnets Trial 2/V,50_Step index_0 Magnets Trial 2,step-index,50,0,Baseline,2,V,12,14.963,0.153,14.895,0.12,14.929,615.444,618.838,40.053,40.522,37.372,37.957,16.468,16.304,0.999,0.9992,False,2,0,0,0,"ISO 11146 sampling not met (need >=10 points, >=5 within 1 z_R and >=5 beyond 2 z_R; have 12/7/1); ISO 11146 sampling not met (need >=10 points, >=5 within 1 z_R and >=5 beyond 2 z_R; have 10/7/1)"
50_Step index_0 Magnets Trial 3/H,50_Step index_0 Magnets Trial 3,step-index,50,0,Baseline,3,H,12,15.24,0.461,16.445,0.067,15.843,592.147,611.69,32.859,35.974,33.967,33.589,17.433,18.211,0.9964,0.9999,False,0,2,0,0,"ISO 11146 sampling not met (need >=10 points, >=5 within 1 z_R and >=5 beyond 2 z_R; have 10/6/2); ISO 11146 sampling not met (need >=10 points, >=5 within 1 z_R and >=5 beyond 2 z_R; have 12/6/2)"
50_Step index_0 Magnets Trial 3/V,50_Step index_0 Magnets Trial 3,step-index,50,0,Baseline,3,V,12,15.171,0.315,14.905,0.25,15.038,623.329,612.232,36.884,38.758,37.809,37.126,16.486,16.49,0.9967,0.9974,False,0,0,0,0,"ISO 11146 sampling not met (need >=10 points, >=5 within 1 z_R and >=5 beyond 2 z_R; have 12/7/1)"
50_Step index_0 Magnets/H,50_Step index_0 Magnets,step-index,50,0,Baseline,1,H,12,13.912,0.24,15.866,0.118,14.889,616.723,656.173,32.381,34.862,40.363,40.064,15.279,16.378,0.9985,0.9996,False,0,0,0,0,"ISO 11146 sampling not met (need >=10 points, >=5 within 1 z_R and >=5 beyond 2 z_R; have 12/7/1)"
50_Step index_0 Magnets/V,50_Step index_0 Magnets,step-index,50,0,Baseline,1,V,12,15.265,0.182,15.423,0.091,15.344,625.415,589.157,35.659,35.01,37.829,33.225,16.533,17.732,0.9991,0.9998,False,0,2,0,0,"ISO 11146 sampling not met (need >=10 points, >=5 within 1 z_R and >=5 beyond 2 z_R; have 12/7/1); ISO 11146 sampling not met (need >=10 points, >=5 within 1 z_R and >=5 beyond 2 z_R; have 10/6/1)"
50_Step index_25 Alternating/H,50_Step index_25 Alternating,step-index,50,25,Alternating,1,H,12,15.556,0.24,14.235,0.801,14.896,654.117,639.604,33.772,30.198,40.605,42.426,16.109,15.076,0.9984,0.9878,False,0,0,0,0,"ISO 11146 sampling not met (need >=10 points, >=5 within 1 z_R and >=5 beyond 2 z_R; have 12/7/1)"
50_Step index_25 Alternating/V,50_Step index_25 Alternating,step-index,50,25,Alternating,1,V,12,15.705,0.244,14.258,0.337,14.981,656.562,613.838,36.859,33.461,40.523,39.014,16.202,15.734,0.9977,0.997,False,0,0,0,0,"ISO 11146 sampling not met (need >=10 points, >=5 within 1 z_R and >=5 beyond 2 z_R; have 12/7/1)"
50_Step index_25 Magnets Alternating Trial 2/H,50_Step index_25 Magnets Alternating Trial 2,step-index,50,25,Alternating,2,H,12,16.057,0.232,16.193,0.303,16.125,600.316,613.221,29.54,30.159,33.133,34.284,18.118,17.887,0.9995,0.9981,False,1,2,0,3,"ISO 11146 sampling not met (need >=10 points, >=5 within 1 z_R and >=5 beyond 2 z_R; have 11/6/3); ISO 11146 sampling not met (need >=10 points, >=5 within 1 z_R and >=5 beyond 2 z_R; have 10/6/1)"
50_Step index_25 Magnets Alternating Trial 2/V,50_Step index_25 Magnets Alternating Trial 2,step-index,50,25,Alternating,2,V,12,15.584,0.296,15.694,0.07,15.639,625.124,586.204,32.156,34.816,37.019,32.326,16.887,18.134,0.9967,0.9998,False,3,2,0,2,"ISO 11146 sampling not met (need >=10 points, >=5 within 1 z_R and >=5 beyond 2 z_R; have 10/6/1); ISO 11146 sampling not met (need >=10 points, >=5 within 1 z_R and >=5 beyond 2 z_R; have 9/6/0)"
50_Step index_25 Magnets Alternating Trial 3/H,50_Step index_25 Magnets Alternating Trial 3,step-index,50,25,Alternating,3,H,12,15.978,0.421,16.365,0.143,16.171,596.649,604.936,28.903,30.901,32.892,33.013,18.139,18.324,0.9982,0.9996,False,0,3,0,3,"ISO 11146 sampling not met (need >=10 points, >=5 within 1 z_R and >=5 beyond 2 z_R; have 9/6/1); ISO 11146 sampling not met (need >=10 points, >=5 within 1 z_R and >=5 beyond 2 z_R; have 12/6/3)"
50_Step index_25 Magnets Alternating Trial 3/V,50_Step index_25 Magnets Alternating Trial 3,step-index,50,25,Alternating,3,V,12,15.636,0.269,15.705,0.092,15.671,624.845,588.228,32.178,34.798,36.863,32.526,16.95,18.085,0.9972,0.9996,False,3,2,0,2,"ISO 11146 sampling not met (need >=10 points, >=5 within 1 z_R and >=5 beyond 2 z_R; have 10/6/1); ISO 11146 sampling not met (need >=10 points, >=5 within 1 z_R and >=5 beyond 2 z_R; have 9/6/0)"
50_Step index_25 Magnets Normal Trial 2/H,50_Step index_25 Magnets Normal Trial 2,step-index,50,25,Normal,2,H,12,14.918,0.592,16.404,0.193,15.661,599.714,620.707,30.798,35.54,35.593,34.674,16.849,17.901,0.9942,0.9992,False,0,0,0,1,"ISO 11146 sampling not met (need >=10 points, >=5 within 1 z_R and >=5 beyond 2 z_R; have 12/7/2); ISO 11146 sampling not met (need >=10 points, >=5 within 1 z_R and >=5 beyond 2 z_R; have 12/6/2)"
50_Step index_25 Magnets Normal Trial 2/V,50_Step index_25 Magnets Normal Trial 2,step-index,50,25,Normal,2,V,12,15.156,0.383,15.114,0.189,15.135,626.504,601.777,36.641,39.087,38.234,35.373,16.386,17.012,0.9953,0.9986,False,0,0,0,2,"ISO 11146 sampling not met (need >=10 points, >=5 within 1 z_R and >=5 beyond 2 z_R; have 12/7/2); ISO 11146 sampling not met (need >=10 points, >=5 within 1 z_R and >=5 beyond 2 z_R; have 12/7/1)"
50_Step index_25 Magnets Normal Trial 3/H,50_Step index_25 Magnets Normal Trial 3,step-index,50,25,Normal,3,H,12,14.179,0.714,15.751,0.184,14.965,592.566,621.457,24.984,30.236,36.561,36.199,16.208,17.168,0.9951,0.9999,False,0,3,0,0,"ISO 11146 sampling not met (need >=10 points, >=5 within 1 z_R and >=5 beyond 2 z_R; have 9/4/2); ISO 11146 sampling not met (need >=10 points, >=5 within 1 z_R and >=5 beyond 2 z_R; have 12/6/3)"
50_Step index_25 Magnets Normal Trial 3/V,50_Step index_25 Magnets Normal Trial 3,step-index,50,25,Normal,3,V,12,14.271,0.458,14.479,0.182,14.375,631.871,617.384,29.502,33.536,41.303,38.864,15.298,15.886,0.9954,0.9992,False,0,1,0,1,"ISO 11146 sampling not met (need >=10 points, >=5 within 1 z_R and >=5 beyond 2 z_R; have 11/7/1); ISO 11146 sampling not met (need >=10 points, >=5 within 1 z_R and >=5 beyond 2 z_R; have 12/7/1)"
50_Step index_25 Magnets Normal/H,50_Step index_25 Magnets Normal,step-index,50,25,Normal,1,H,12,15.594,0.076,15.603,0.124,15.598,630.437,639.447,34.513,34.731,37.629,38.688,16.754,16.528,0.9998,0.9996,False,2,0,0,0,"ISO 11146 sampling not met (need >=10 points, >=5 within 1 z_R and >=5 beyond 2 z_R; have 12/7/1); ISO 11146 sampling not met (need >=10 points, >=5 within 1 z_R and >=5 beyond 2 z_R; have 10/7/1)"
50_Step index_25 Magnets Normal/V,50_Step index_25 Magnets Normal,step-index,50,25,Normal,1,V,12,15.2,0.206,15.725,0.092,15.463,629.859,627.698,36.403,36.498,38.531,36.991,16.347,16.969,0.9985,0.9998,False,0,2,1,0,"ISO 11146 sampling not met (need >=10 points, >=5 within 1 z_R and >=5 beyond 2 z_R; have 12/7/1); ISO 11146 sampling not met (need >=10 points, >=5 within 1 z_R and >=5 beyond 2 z_R; have 10/7/1)"
50_Step index_50 Alternating/H,50_Step index_50 Alternating,step-index,50,50,Alternating,1,H,12,15.057,0.323,14.855,0.402,14.956,639.328,658.112,32.639,31.627,40.076,43.042,15.953,15.29,0.9976,0.9959,False,0,0,0,0,"ISO 11146 sampling not met (need >=10 points, >=5 within 1 z_R and >=5 beyond 2 z_R; have 12/7/1)"
50_Step index_50 Alternating/V,50_Step index_50 Alternating,step-index,50,50,Alternating,1,V,12,15.476,0.333,15.291,0.421,15.383,663.899,641.522,34.76,34.766,42.046,39.735,15.79,16.145,0.9968,0.9951,False,0,0,0,0,"ISO 11146 sampling not met (need >=10 points, >=5 within 1 z_R and >=5 beyond 2 z_R; have 12/7/1)"
50_Step index_50 Magnets Alternating Trial 2/H,50_Step index_50 Magnets Alternating Trial 2,step-index,50,50,Alternating,2,H,12,13.542,0.968,15.151,0.373,14.346,580.44,602.833,17.304,23.746,36.729,35.411,15.803,17.024,0.996,0.999,False,0,0,0,0,"ISO 11146 sampling not met (need >=10 points, >=5 within 1 z_R and >=5 beyond 2 z_R; have 12/5/3)"
50_Step index_50 Magnets Alternating Trial 2/V,50_Step index_50 Magnets Alternating Trial 2,step-index,50,50,Alternating,2,V,12,13.262,1.231,14.365,0.459,13.813,621.131,594.127,18.857,26.441,42.947,36.278,14.463,16.377,0.9868,0.9975,False,0,1,0,2,"ISO 11146 sampling not met (need >=10 points, >=5 within 1 z_R and >=5 beyond 2 z_R; have 11/6/2); ISO 11146 sampling not met (need >=10 points, >=5 within 1 z_R and >=5 beyond 2 z_R; have 12/6/2)"
50_Step index_50 Magnets Alternating Trial 3/H,50_Step index_50 Magnets Alternating Trial 3,step-index,50,50,Alternating,3,H,12,14.196,0.524,14.059,1.182,14.128,584.179,600.497,22.026,20.18,35.489,37.865,16.461,15.859,0.9983,0.9917,False,0,0,0,0,"ISO 11146 sampling not met (need >=10 points, >=5 within 1 z_R and >=5 beyond 2 z_R; have 12/5/3)"
50_Step index_50 Magnets Alternating Trial 3/V,50_Step index_50 Magnets Alternating Trial 3,step-index,50,50,Alternating,3,V,12,13.716,0.556,13.877,0.546,13.796,621.982,599.329,23.471,26.42,41.64,38.213,14.937,15.684,0.9957,0.9958,False,0,0,0,2,"ISO 11146 sampling not met (need >=10 points, >=5 within 1 z_R and >=5 beyond 2 z_R; have 12/6/2)"
50_Step index_50 Magnets Normal Trial 2/H,50_Step index_50 Magnets Normal Trial 2,step-index,50,50,Normal,2,H,12,15.872,0.498,16.864,0.073,16.368,606.411,608.229,30.556,33.934,34.204,32.386,17.729,18.781,0.9974,0.9999,False,0,0,0,0,"ISO 11146 sampling not met (need >=10 points, >=5 within 1 z_R and >=5 beyond 2 z_R; have 12/6/3)"
50_Step index_50 Magnets Normal Trial 2/V,50_Step index_50 Magnets Normal Trial 2,step-index,50,50,Normal,2,V,12,15.518,0.493,15.289,0.409,15.404,638.327,604.603,33.743,35.723,38.765,35.297,16.467,17.129,0.9944,0.9957,False,0,0,1,2,"ISO 11146 sampling not met (need >=10 points, >=5 within 1 z_R and >=5 beyond 2 z_R; have 12/7/2); ISO 11146 sampling not met (need >=10 points, >=5 within 1 z_R and >=5 beyond 2 z_R; have 12/7/1)"
50_Step index_50 Magnets Normal Trial 3/H,50_Step index_50 Magnets Normal Trial 3,step-index,50,50,Normal,3,H,12,15.65,0.353,16.062,0.116,15.856,600.072,612.991,31.814,34.238,33.967,34.537,17.666,17.749,0.9982,0.9997,False,0,1,0,0,"ISO 11146 sampling not met (need >=10 points, >=5 within 1 z_R and >=5 beyond 2 z_R; have 11/6/1); ISO 11146 sampling not met (need >=10 points, >=5 within 1 z_R and >=5 beyond 2 z_R; have 12/6/3)"
50_Step index_50 Magnets Normal Trial 3/V,50_Step index_50 Magnets Normal Trial 3,step-index,50,50,Normal,3,V,12,14.892,0.495,14.831,0.128,14.861,631.177,599.157,35.479,37.692,39.494,35.735,15.982,16.767,0.9928,0.9994,False,0,3,0,2,"ISO 11146 sampling not met (need >=10 points, >=5 within 1 z_R and >=5 beyond 2 z_R; have 12/7/1); ISO 11146 sampling not met (need >=10 points, >=5 within 1 z_R and >=5 beyond 2 z_R; have 9/7/1)"
50_Step index_50 Magnets Normal/H,50_Step index_50 Magnets Normal,step-index,50,50,Normal,1,H,12,16.105,0.146,15.349,0.208,15.727,647.327,629.686,35.74,33.526,38.411,38.137,16.853,16.511,0.9995,0.9991,False,1,0,0,0,"ISO 11146 sampling not met (need >=10 points, >=5 within 1 z_R and >=5 beyond 2 z_R; have 11/7/1); ISO 11146 sampling not met (need >=10 points, >=5 within 1 z_R and >=5 beyond 2 z_R; have 12/7/2)"
50_Step index_50 Magnets Normal/V,50_Step index_50 Magnets Normal,step-index,50,50,Normal,1,V,12,16.092,0.113,15.534,0.08,15.813,621.347,607.631,39.253,35.923,35.42,35.09,17.542,17.316,0.9994,0.9998,False,1,1,0,0,"ISO 11146 sampling not met (need >=10 points, >=5 within 1 z_R and >=5 beyond 2 z_R; have 11/7/1); ISO 11146 sampling not met (need >=10 points, >=5 within 1 z_R and >=5 beyond 2 z_R; have 11/7/0)"
Alternating Config 0 Magnets Horizontal LP_1,Alternating Config 0 Magnets Horizontal LP_1,legacy,,0,Baseline,1,-,29,18.357,0.079,17.503,0.133,17.93,1621.522,1567.401,102.029,110.232,211.456,207.219,7.668,7.564,0.9986,0.9944,False,2,0,0,3,"ISO 11146 sampling not met (need >=10 points, >=5 within 1 z_R and >=5 beyond 2 z_R; have 27/27/0); ISO 11146 sampling not met (need >=10 points, >=5 within 1 z_R and >=5 beyond 2 z_R; have 29/29/0)"
Alternating Config 25 Magnets Horizontal LP_1,Alternating Config 25 Magnets Horizontal LP_1,legacy,,25,Alternating,1,-,29,18.183,0.129,17.4,0.123,17.792,1627.614,1560.797,110.028,119.808,215.09,206.687,7.567,7.551,0.9963,0.9951,False,0,0,0,2,"ISO 11146 sampling not met (need >=10 points, >=5 within 1 z_R and >=5 beyond 2 z_R; have 29/29/0)"
Alternating Config 25 Magnets Horizontal LP_2,Alternating Config 25 Magnets Horizontal LP_2,legacy,,25,Alternating,2,-,29,17.505,0.238,15.959,0.408,16.732,1630.82,1555.439,112.78,124.128,224.297,223.814,7.271,6.95,0.9863,0.9468,False,1,0,0,3,"ISO 11146 sampling not met (need >=10 points, >=5 within 1 z_R and >=5 beyond 2 z_R; have 28/28/0); ISO 11146 sampling not met (need >=10 points, >=5 within 1 z_R and >=5 beyond 2 z_R; have 29/29/0)"
Alternating Config 25 Magnets Horizontal LP_3,Alternating Config 25 Magnets Horizontal LP_3,legacy,,25,Alternating,3,-,29,18.172,0.146,16.087,0.368,17.13,1624.652,1536.711,112.295,120.653,214.434,216.715,7.576,7.091,0.9952,0.9542,False,0,0,0,1,"ISO 11146 sampling not met (need >=10 points, >=5 within 1 z_R and >=5 beyond 2 z_R; have 29/29/0)"
Alternating Config 50 Magnets Horizontal LP_1,Alternating Config 50 Magnets Horizontal LP_1,legacy,,50,Alternating,1,-,29,18.22,0.133,17.577,0.094,17.899,1627.175,1563.887,111.34,121.108,214.531,205.423,7.585,7.613,0.9959,0.9969,False,0,1,0,3,"ISO 11146 sampling not met (need >=10 points, >=5 within 1 z_R and >=5 beyond 2 z_R; have 28/28/0); ISO 11146 sampling not met (need >=10 points, >=5 within 1 z_R and >=5 beyond 2 z_R; have 29/29/0)"
Alternating Config 50 Magnets Horizontal LP_2,Alternating Config 50 Magnets Horizontal LP_2,legacy,,50,Alternating,2,-,29,18.915,0.144,15.499,0.332,17.207,1620.615,1552.183,110.921,123.168,204.993,229.487,7.906,6.764,0.9964,0.9599,False,0,0,0,3,"ISO 11146 sampling not met (need >=10 points, >=5 within 1 z_R and >=5 beyond 2 z_R; have 29/29/0)"
Alternating Config 50 Magnets Horizontal LP_3,Alternating Config 50 Magnets Horizontal LP_3,legacy,,50,Alternating,3,-,29,18.696,0.147,15.643,0.27,17.17,1619.549,1538.683,110.737,125.062,207.116,223.434,7.82,6.887,0.9962,0.9659,False,0,0,0,3,"ISO 11146 sampling not met (need >=10 points, >=5 within 1 z_R and >=5 beyond 2 z_R; have 29/29/0)"
Alternting 25 Magents/H,Alternting 25 Magents,legacy,,25,Alternating,1,H,23,14.974,0.165,14.463,0.135,14.719,986.592,989.258,51.675,52.678,95.968,99.891,10.28,9.903,0.9986,0.9992,False,0,1,0,1,"ISO 11146 sampling not met (need >=10 points, >=5 within 1 z_R and >=5 beyond 2 z_R; have 23/14/0); ISO 11146 sampling not met (need >=10 points, >=5 within 1 z_R and >=5 beyond 2 z_R; have 22/15/0)"
Alternting 25 Magents/V,Alternting 25 Magents,legacy,,25,Alternating,1,V,23,15.15,0.138,14.78,0.101,14.965,1013.617,990.78,48.865,42.168,100.12,98.051,10.124,10.105,0.9993,0.9997,False,0,2,0,2,"ISO 11146 sampling not met (need >=10 points, >=5 within 1 z_R and >=5 beyond 2 z_R; have 23/14/0); ISO 11146 sampling not met (need >=10 points, >=5 within 1 z_R and >=5 beyond 2 z_R; have 21/14/0)"
Alternting 50 Magents/V,Alternting 50 Magents,legacy,,50,Alternating,1,V,24,14.904,0.116,14.15,0.133,14.527,1018.821,994.537,58.414,51.451,102.817,103.198,9.909,9.637,0.9992,0.9991,False,1,0,0,1,"ISO 11146 sampling not met (need >=10 points, >=5 within 1 z_R and >=5 beyond 2 z_R; have 23/16/0); ISO 11146 sampling not met (need >=10 points, >=5 within 1 z_R and >=5 beyond 2 z_R; have 24/15/0)"
Control Config 0 Magnets Horizontal LP_3,Control Config 0 Magnets Horizontal LP_3,legacy,,0,Baseline,3,-,29,18.558,0.112,15.804,0.137,17.181,1625.317,1524.747,111.877,119.012,210.145,217.175,7.734,7.021,0.9977,0.9925,False,2,4,0,0,"ISO 11146 sampling not met (need >=10 points, >=5 within 1 z_R and >=5 beyond 2 z_R; have 27/27/0); ISO 11146 sampling not met (need >=10 points, >=5 within 1 z_R and >=5 beyond 2 z_R; have 25/25/0)"
Fiber_50um_Wollaston_0 Magnets/H,Fiber_50um_Wollaston_0 Magnets,legacy,50,0,Baseline,1,H,24,19.387,0.313,19.041,0.362,19.214,1594.603,1716.018,71.722,77.918,193.627,228.318,8.235,7.516,0.9931,0.9885,False,0,1,0,2,"ISO 11146 sampling not met (need >=10 points, >=5 within 1 z_R and >=5 beyond 2 z_R; have 24/24/0); ISO 11146 sampling not met (need >=10 points, >=5 within 1 z_R and >=5 beyond 2 z_R; have 23/23/0)"
Fiber_50um_Wollaston_0 Magnets/V,Fiber_50um_Wollaston_0 Magnets,legacy,50,0,Baseline,1,V,24,23.887,0.62,21.506,0.42,22.697,1724.531,1701.942,79.212,65.727,183.806,198.838,9.382,8.559,0.9783,0.992,False,0,0,0,3,"ISO 11146 sampling not met (need >=10 points, >=5 within 1 z_R and >=5 beyond 2 z_R; have 24/24/0)"
Fiber_50um_Wollaston_25 Magnets/H,Fiber_50um_Wollaston_25 Magnets,legacy,50,25,,1,H,24,19.479,0.345,19.297,0.47,19.388,1591.549,1704.292,73.019,79.978,191.976,222.211,8.29,7.67,0.9912,0.9776,False,1,0,0,2,"ISO 11146 sampling not met (need >=10 points, >=5 within 1 z_R and >=5 beyond 2 z_R; have 24/24/0); ISO 11146 sampling not met (need >=10 points, >=5 within 1 z_R and >=5 beyond 2 z_R; have 23/23/0)"
Fiber_50um_Wollaston_25 Magnets/V,Fiber_50um_Wollaston_25 Magnets,legacy,50,25,,1,V,24,22.476,0.487,20.875,0.568,21.676,1697.441,1689.03,71.246,61.346,189.252,201.754,8.969,8.372,0.9858,0.9862,False,0,0,0,4,"ISO 11146 sampling not met (need >=10 points, >=5 within 1 z_R and >=5 beyond 2 z_R; have 24/24/0)"
Fiber_50um_Wollaston_V_50 Magnets/Horizontal,Fiber_50um_Wollaston_V_50 Magnets,legacy,50,50,,1,H,18,21.103,0.289,22.246,0.375,21.674,1585.233,1694.933,73.949,79.921,175.802,190.648,9.017,8.89,0.9916,0.9849,False,2,2,0,1,"ISO 11146 sampling not met (need >=10 points, >=5 within 1 z_R and >=5 beyond 2 z_R; have 16/16/0)"
Fiber_50um_Wollaston_V_50 Magnets/Vertical,Fiber_50um_Wollaston_V_50 Magnets,legacy,50,50,,1,V,18,26.027,0.339,24.231,0.243,25.129,1692.464,1690.628,78.059,69.71,162.478,174.143,10.417,9.708,0.9907,0.9963,False,0,0,0,0,"ISO 11146 sampling not met (need >=10 points, >=5 within 1 z_R and >=5 beyond 2 z_R; have 18/18/0)"
No Magents_W_0M1/H,No Magents_W_0M1,legacy,,0,Baseline,1,H,25,13.306,0.11,12.835,0.197,13.07,930.379,991.782,56.172,54.856,96.043,113.144,9.687,8.766,0.9994,0.9972,False,0,3,0,0,"ISO 11146 sampling not met (need >=10 points, >=5 within 1 z_R and >=5 beyond 2 z_R; have 22/16/0); ISO 11146 sampling not met (need >=10 points, >=5 within 1 z_R and >=5 beyond 2 z_R; have 25/15/1)"
No Magents_W_0M1/V,No Magents_W_0M1,legacy,,0,Baseline,1,V,25,12.892,0.251,12.492,0.275,12.692,988.952,929.075,47.641,46.847,112.0,102.008,8.83,9.108,0.9968,0.9967,False,0,0,0,2,"ISO 11146 sampling not met (need >=10 points, >=5 within 1 z_R and >=5 beyond 2 z_R; have 25/14/0); ISO 11146 sampling not met (need >=10 points, >=5 within 1 z_R and >=5 beyond 2 z_R; have 25/15/0)"
Norma 25 Magents_W_OM1/H,Norma 25 Magents_W_OM1,legacy,,25,Normal,1,H,24,13.205,0.208,12.977,0.257,13.091,962.94,998.746,52.453,54.906,103.664,113.476,9.289,8.801,0.9975,0.9958,False,0,0,0,1,"ISO 11146 sampling not met (need >=10 points, >=5 within 1 z_R and >=5 beyond 2 z_R; have 24/15/0)"
Norma 25 Magents_W_OM1/V,Norma 25 Magents_W_OM1,legacy,,25,Normal,1,V,23,14.386,0.097,13.849,0.163,14.118,984.038,910.99,66.998,66.237,99.372,88.467,9.903,10.297,0.9995,0.999,False,2,0,0,2,"ISO 11146 sampling not met (need >=10 points, >=5 within 1 z_R and >=5 beyond 2 z_R; have 23/13/1); ISO 11146 sampling not met (need >=10 points, >=5 within 1 z_R and >=5 beyond 2 z_R; have 21/14/0)"
Norma 50 Magents_W_OM1/H,Norma 50 Magents_W_OM1,legacy,,50,Normal,1,H,23,14.109,0.109,15.448,0.182,14.778,955.231,988.829,44.527,56.234,95.477,93.444,10.005,10.582,0.9995,0.9983,False,2,0,0,0,"ISO 11146 sampling not met (need >=10 points, >=5 within 1 z_R and >=5 beyond 2 z_R; have 23/14/0); ISO 11146 sampling not met (need >=10 points, >=5 within 1 z_R and >=5 beyond 2 z_R; have 21/14/0)"
Norma 50 Magents_W_OM1/V,Norma 50 Magents_W_OM1,legacy,,50,Normal,1,V,23,14.648,0.13,13.942,0.13,14.295,986.006,911.615,44.318,44.009,97.987,88.001,10.063,10.359,0.9992,0.9995,False,3,2,0,2,"ISO 11146 sampling not met (need >=10 points, >=5 within 1 z_R and >=5 beyond 2 z_R; have 20/14/0); ISO 11146 sampling not met (need >=10 points, >=5 within 1 z_R and >=5 beyond 2 z_R; have 21/11/1)"
Normal Config 0 Magnets Horizontal LP_1,Normal Config 0 Magnets Horizontal LP_1,legacy,,0,Baseline,1,-,29,18.276,0.299,17.328,0.263,17.802,1647.213,1566.942,109.208,118.699,219.175,209.189,7.516,7.491,0.9816,0.9814,False,0,0,0,2,"ISO 11146 sampling not met (need >=10 points, >=5 within 1 z_R and >=5 beyond 2 z_R; have 29/29/0)"
Normal Config 25 Magnets (Horizontal),Normal Config 25 Magnets (Horizontal),legacy,,25,Normal,1,-,30,9.33,0.157,9.501,0.121,9.416,1609.868,1583.985,151.787,157.269,410.07,389.87,3.926,4.063,0.9656,0.9829,False,0,1,0,0,"ISO 11146 sampling not met (need >=10 points, >=5 within 1 z_R and >=5 beyond 2 z_R; have 30/30/0); ISO 11146 sampling not met (need >=10 points, >=5 within 1 z_R and >=5 beyond 2 z_R; have 29/29/0)"
Normal Config 25 Magnets Horizontal LP_1,Normal Config 25 Magnets Horizontal LP_1,legacy,,25,Normal,1,-,29,18.56,0.169,17.223,0.166,17.892,1641.462,1556.397,109.791,118.959,214.316,207.641,7.659,7.496,0.9946,0.9907,False,1,0,0,0,"ISO 11146 sampling not met (need >=10 points, >=5 within 1 z_R and >=5 beyond 2 z_R; have 28/28/0); ISO 11146 sampling not met (need >=10 points, >=5 within 1 z_R and >=5 beyond 2 z_R; have 29/29/0)"
Normal Config 25 Magnets Horizontal LP_2,Normal Config 25 Magnets Horizontal LP_2,legacy,,25,Normal,2,-,29,18.394,0.122,17.446,0.117,17.92,1624.573,1572.771,111.537,118.295,211.828,209.319,7.669,7.514,0.9966,0.9955,False,0,1,0,3,"ISO 11146 sampling not met (need >=10 points, >=5 within 1 z_R and >=5 beyond 2 z_R; have 28/28/0); ISO 11146 sampling not met (need >=10 points, >=5 within 1 z_R and >=5 beyond 2 z_R; have 29/29/0)"
Normal Config 25 Magnets Horizontal LP_3,Normal Config 25 Magnets Horizontal LP_3,legacy,,25,Normal,3,-,29,17.49,0.189,16.297,0.116,16.894,1636.53,1510.302,115.323,112.715,226.063,206.626,7.239,7.309,0.9914,0.9962,False,0,2,0,0,"ISO 11146 sampling not met (need >=10 points, >=5 within 1 z_R and >=5 beyond 2 z_R; have 27/27/0); ISO 11146 sampling not met (need >=10 points, >=5 within 1 z_R and >=5 beyond 2 z_R; have 29/29/0)"
Normal Config 50 Magnets Horizontal LP_1,Normal Config 50 Magnets Horizontal LP_1,legacy,,50,Normal,1,-,29,18.472,0.192,17.103,0.125,17.787,1621.813,1520.155,114.569,119.204,210.216,199.472,7.715,7.621,0.9922,0.9954,False,0,0,0,0,"ISO 11146 sampling not met (need >=10 points, >=5 within 1 z_R and >=5 beyond 2 z_R; have 29/29/0)"
Normal Config 50 Magnets Horizontal LP_2,Normal Config 50 Magnets Horizontal LP_2,legacy,,50,Normal,2,-,29,18.574,0.12,17.701,0.101,18.138,1631.708,1559.736,109.156,117.689,211.616,202.903,7.711,7.687,0.9972,0.9971,False,0,0,0,3,"ISO 11146 sampling not met (need >=10 points, >=5 within 1 z_R and >=5 beyond 2 z_R; have 29/29/0)"
Normal Config 50 Magnets Horizontal LP_3,Normal Config 50 Magnets Horizontal LP_3,legacy,,50,Normal,3,-,29,16.714,0.285,15.731,0.219,16.222,1642.167,1514.631,111.433,111.716,238.194,215.301,6.894,7.035,0.9818,0.9866,False,0,1,0,0,"ISO 11146 sampling not met (need >=10 points, >=5 within 1 z_R and >=5 beyond 2 z_R; have 28/28/0); ISO 11146 sampling not met (need >=10 points, >=5 within 1 z_R and >=5 beyond 2 z_R; have 29/29/0)"
mutliMode_50um/No Magnets 1,mutliMode_50um / No Magnets 1,legacy,,0,Baseline,1,-,29,10.367,0.181,9.331,0.124,9.849,1541.328,1580.144,175.221,130.36,338.316,395.045,4.556,4.0,0.9688,0.9831,False,0,2,0,0,"ISO 11146 sampling not met (need >=10 points, >=5 within 1 z_R and >=5 beyond 2 z_R; have 27/27/0); ISO 11146 sampling not met (need >=10 points, >=5 within 1 z_R and >=5 beyond 2 z_R; have 29/29/0)"
mutliMode_50um/Normal Config 50 Magnets (Horizontal),mutliMode_50um / Normal Config 50 Magnets (Horizontal),legacy,,50,Normal,1,-,30,10.206,0.113,8.322,0.184,9.264,1619.639,1552.856,165.652,163.999,379.457,427.798,4.268,3.63,0.985,0.9472,False,1,0,1,0,"ISO 11146 sampling not met (need >=10 points, >=5 within 1 z_R and >=5 beyond 2 z_R; have 30/30/0); ISO 11146 sampling not met (need >=10 points, >=5 within 1 z_R and >=5 beyond 2 z_R; have 29/29/0)"
singleMode/Experiment_1,singleMode / Experiment_1,legacy,SMF,,,1,-,30,38.3,0.215,35.3,0.253,36.8,1729.958,1705.198,123.067,131.296,115.36,121.607,14.996,14.022,0.9959,0.9917,False,0,0,1,9,"ISO 11146 sampling not met (need >=10 points, >=5 within 1 z_R and >=5 beyond 2 z_R; have 30/23/0); ISO 11146 sampling not met (need >=10 points, >=5 within 1 z_R and >=5 beyond 2 z_R; have 30/25/0)"
